Date,Cnsmr,Manuf,HiTec,Hlth,Other
192607,5.43,2.73,1.83,1.77,2.16
192608,2.76,2.33,2.41,4.25,4.38
192609,2.16,-0.44,1.06,0.69,0.29
192610,-3.90,-2.42,-2.26,-0.57,-2.85
192611,3.70,2.50,3.07,5.42,2.11
192612,3.62,2.76,1.03,0.11,3.40
192701,-1.19,0.15,0.46,5.05,1.51
192702,5.28,4.00,4.19,1.71,5.06
192703,1.64,-1.43,3.65,1.01,1.27
192704,3.52,-1.13,1.35,2.74,0.86
192705,6.09,5.67,5.28,4.12,6.43
192706,-1.95,-3.03,0.51,0.54,-2.11
192707,8.69,7.51,7.59,9.84,6.09
192708,5.23,1.97,2.94,0.28,-1.06
192709,5.89,4.90,3.93,5.65,4.60
192710,-3.00,-4.70,-4.54,5.13,-3.79
192711,7.75,7.70,6.52,3.68,4.50
192712,3.61,2.20,1.28,-0.46,1.98
192801,-1.21,0.18,-0.03,2.69,-0.99
192802,-1.53,-1.11,-0.38,-1.38,-2.00
192803,13.88,6.96,10.32,10.54,6.09
192804,0.44,7.69,2.70,2.35,4.22
192805,3.51,0.10,4.36,9.27,0.01
192806,-4.05,-4.35,-5.12,-3.15,-4.27
192807,2.20,1.03,-0.29,2.39,-0.36
192808,8.99,6.28,7.23,14.57,4.75
192809,3.66,4.44,0.42,-1.14,1.98
192810,1.69,2.39,2.38,0.05,-0.42
192811,7.80,16.03,13.46,5.05,10.02
192812,-1.01,0.51,3.78,-0.41,0.45
192901,0.68,6.04,11.70,3.43,5.59
192902,-1.52,1.35,-0.90,0.05,0.02
192903,-3.62,1.09,4.41,-1.50,-2.16
192904,1.10,2.44,2.48,1.48,0.44
192905,-9.68,-5.66,-3.68,-7.84,0.03
192906,7.03,12.44,15.73,4.52,5.73
192907,0.38,4.56,10.97,2.59,6.61
192908,4.94,9.73,11.92,3.09,7.82
192909,-5.72,-3.94,-5.10,-7.02,-6.44
192910,-20.45,-20.47,-22.65,-18.02,-11.88
192911,-12.20,-12.35,-14.84,-7.90,-9.58
192912,0.15,2.35,6.10,1.11,-0.49
193001,5.54,5.04,6.32,2.55,4.76
193002,0.47,2.23,7.45,3.15,3.29
193003,3.86,10.15,8.41,5.99,4.79
193004,-1.71,-1.07,-0.84,-1.27,-6.55
193005,1.86,-2.14,-2.40,-1.49,-0.93
193006,-15.66,-16.95,-14.85,-13.34,-11.82
193007,5.40,4.64,2.78,6.52,3.46
193008,1.56,-0.43,2.00,7.71,-0.36
193009,-11.51,-13.57,-12.35,-8.70,-10.56
193010,-7.46,-9.06,-10.87,-4.37,-8.43
193011,2.04,-3.75,-3.27,-3.23,-5.17
193012,-5.83,-7.80,-7.09,-6.79,-8.81
193101,6.47,4.50,4.99,8.23,11.83
193102,11.35,12.07,13.43,7.81,5.52
193103,-2.64,-7.06,-5.64,1.80,-9.41
193104,-5.90,-12.30,-8.48,-3.62,-9.88
193105,-10.64,-13.86,-10.76,-10.26,-17.44
193106,11.01,15.12,13.99,9.69,16.34
193107,-2.84,-7.23,-7.25,2.61,-9.91
193108,-0.32,1.32,2.02,0.39,-3.90
193109,-28.58,-30.86,-26.78,-29.45,-26.50
193110,9.99,9.38,7.02,11.26,1.88
193111,-5.42,-7.29,-9.77,-2.79,-19.20
193112,-10.69,-15.53,-10.06,-4.10,-16.48
193201,-0.41,-2.19,-6.74,-2.66,6.71
193202,4.33,6.96,9.78,2.05,-0.19
193203,-10.33,-9.70,-11.41,-6.41,-15.99
193204,-15.89,-18.19,-16.23,-19.77,-22.36
193205,-22.70,-17.82,-16.06,-34.08,-30.03
193206,-0.75,1.25,-5.41,11.05,-2.01
193207,28.44,35.86,24.40,29.18,55.78
193208,28.96,37.21,33.84,35.87,58.75
193209,1.90,-5.19,-1.82,-11.92,-4.13
193210,-14.57,-11.22,-11.87,-18.56,-18.01
193211,-5.92,-6.63,-3.36,5.53,-6.88
193212,4.21,4.23,4.82,6.82,4.90
193301,2.25,-0.93,0.65,-1.13,8.54
193302,-14.05,-17.32,-11.55,-10.82,-16.42
193303,9.79,1.84,-2.51,-3.16,3.80
193304,43.67,43.53,25.52,37.13,30.73
193305,16.46,22.17,18.29,23.49,31.50
193306,13.98,13.16,10.62,10.39,14.51
193307,-8.18,-12.04,-6.94,-19.11,-6.67
193308,12.01,13.05,7.59,-0.38,14.60
193309,-9.79,-9.93,-8.79,-1.31,-16.41
193310,-9.10,-6.99,-8.08,-6.02,-10.84
193311,12.06,10.72,8.12,9.40,5.34
193312,2.04,2.21,-1.86,-11.73,4.70
193401,12.49,11.77,9.78,16.77,18.55
193402,-2.36,-2.99,-1.24,-3.59,-1.89
193403,1.00,-1.36,1.99,-0.64,0.83
193404,-0.90,-2.69,-1.67,8.00,-1.65
193405,-6.92,-8.07,-5.18,-0.38,-7.35
193406,1.78,3.31,1.87,2.04,3.10
193407,-8.05,-11.92,-7.27,-1.89,-17.28
193408,5.90,6.26,4.05,-3.05,4.44
193409,0.88,-1.11,1.07,0.80,-0.35
193410,0.21,-2.81,-1.33,-0.71,-2.21
193411,10.93,9.14,4.01,4.07,5.63
193412,0.17,0.37,1.16,0.62,-0.17
193501,-4.30,-3.07,0.21,-0.86,-6.71
193502,-0.12,-3.45,0.68,4.25,-4.70
193503,-4.84,-2.72,-2.18,-3.14,-5.32
193504,5.90,11.11,9.60,3.18,8.75
193505,1.88,3.79,5.96,-4.02,3.89
193506,6.72,5.35,6.57,4.09,6.32
193507,8.13,7.27,7.35,3.19,7.27
193508,2.42,2.30,3.70,0.29,3.39
193509,3.88,1.24,5.76,1.11,0.63
193510,6.59,9.02,5.59,5.97,2.40
193511,2.28,3.54,7.97,1.74,13.19
193512,2.65,6.81,1.45,2.35,4.30
193601,2.21,9.03,5.21,3.46,12.15
193602,1.78,2.51,3.73,3.45,2.79
193603,2.93,2.00,-1.91,3.52,-2.96
193604,-6.79,-9.26,-7.00,-9.19,-7.43
193605,4.97,4.60,5.91,4.80,7.40
193606,4.56,1.73,1.93,1.29,1.78
193607,4.32,7.39,6.69,4.65,9.65
193608,0.76,0.64,2.06,-1.48,1.83
193609,1.50,1.32,-0.40,0.77,0.89
193610,5.64,8.72,5.39,3.78,8.11
193611,3.79,3.27,4.63,3.40,0.49
193612,-5.01,3.43,1.01,-2.04,-1.18
193701,3.54,3.75,3.66,3.47,1.04
193702,0.88,1.54,-2.20,-3.72,4.76
193703,-2.47,1.08,-3.30,-5.03,2.68
193704,-7.09,-7.90,-6.43,-3.32,-6.83
193705,-1.87,0.00,1.17,1.68,-3.33
193706,-5.41,-3.49,-0.01,-4.12,-8.94
193707,8.88,9.90,6.32,4.14,8.74
193708,-2.83,-5.60,-3.65,1.09,-8.34
193709,-11.45,-15.74,-8.04,-10.76,-15.89
193710,-8.94,-11.00,-6.21,-3.55,-10.13
193711,-10.75,-8.70,-4.05,-5.12,-6.85
193712,-7.29,-3.05,-1.84,-2.41,-6.63
193801,5.76,-1.20,-2.45,3.52,0.49
193802,4.82,8.38,0.69,8.61,4.88
193803,-20.45,-24.96,-22.25,-14.44,-29.74
193804,13.81,14.60,14.91,11.82,14.53
193805,-2.78,-5.60,-0.87,1.71,-3.96
193806,21.24,27.74,18.89,10.07,24.86
193807,10.87,6.26,3.41,5.80,10.00
193808,-0.65,-4.32,-0.42,0.36,-3.73
193809,0.46,1.39,1.20,-0.01,-1.25
193810,6.24,8.37,6.67,5.63,11.10
193811,-1.58,-1.77,-1.81,1.44,-2.02
193812,2.15,5.22,2.81,0.85,6.32
193901,-4.28,-7.38,-2.69,-0.96,-8.65
193902,4.76,2.63,3.17,3.72,4.70
193903,-10.42,-13.53,-8.06,-4.33,-14.95
193904,0.47,-0.70,0.43,1.00,-1.83
193905,7.58,6.16,6.68,5.49,8.01
193906,-3.59,-5.94,-5.55,1.10,-7.62
193907,10.02,10.44,9.61,3.08,11.59
193908,-7.23,-6.02,-5.86,-5.43,-9.97
193909,9.65,23.43,6.50,7.07,25.59
193910,2.26,-2.35,1.31,0.21,-1.59
193911,-1.70,-5.48,-0.57,1.22,-5.05
193912,3.37,2.90,3.18,3.77,2.38
194001,-0.71,-3.49,-1.85,-1.79,-2.66
194002,1.67,1.79,0.37,1.48,0.88
194003,2.65,1.60,1.93,1.90,2.63
194004,0.58,0.36,-0.43,-0.31,-0.77
194005,-23.34,-22.45,-16.86,-21.21,-24.01
194006,7.21,6.22,6.48,4.91,8.56
194007,2.83,3.47,3.12,-0.52,3.38
194008,3.61,1.77,1.06,-2.29,2.88
194009,2.92,1.92,2.67,4.61,2.46
194010,0.68,4.52,1.94,-3.00,5.30
194011,-1.15,-2.47,-0.77,-1.82,-0.09
194012,-0.77,1.50,1.21,-0.23,0.24
194101,-4.11,-5.44,-2.28,-2.19,-1.62
194102,-1.33,-1.64,-1.50,-4.69,-0.31
194103,0.00,0.96,1.21,1.77,1.81
194104,-6.40,-4.46,-7.32,-5.22,-4.44
194105,0.03,3.24,0.09,-1.45,-0.93
194106,5.28,5.91,7.22,6.72,4.51
194107,4.87,7.93,0.48,8.03,7.52
194108,1.65,-1.52,0.93,0.08,0.20
194109,2.13,-2.32,-0.16,-0.21,-2.57
194110,-6.86,-4.50,-5.66,-3.69,-4.11
194111,-3.64,-0.61,-3.28,-2.93,-1.54
194112,-7.70,-3.35,-5.13,-1.59,-5.36
194201,3.11,-1.52,-0.43,-2.99,9.54
194202,-1.58,-3.32,-1.35,-5.35,-1.86
194203,-5.03,-6.83,-6.65,-5.54,-8.98
194204,-4.60,-4.23,-5.81,-4.45,-2.00
194205,9.84,3.59,7.78,14.69,3.55
194206,2.73,3.60,0.61,2.85,1.97
194207,2.90,3.36,3.30,1.60,6.59
194208,1.51,1.89,1.72,2.43,2.41
194209,0.97,3.21,3.38,0.26,3.38
194210,4.03,8.20,6.22,4.13,8.91
194211,2.63,-1.36,2.36,1.58,-2.06
194212,5.39,5.82,2.88,8.69,4.47
194301,7.31,7.47,6.50,2.47,7.06
194302,4.81,6.25,6.30,3.64,9.43
194303,5.56,6.17,3.70,4.56,10.07
194304,1.06,-0.23,2.75,1.40,2.19
194305,6.78,5.39,5.35,5.13,5.58
194306,3.81,1.28,2.34,0.50,-0.78
194307,-4.84,-5.02,-3.54,-3.26,-5.21
194308,2.44,0.92,0.72,0.26,1.41
194309,2.01,2.40,3.13,4.02,2.18
194310,-1.07,-1.07,-1.19,0.57,-1.08
194311,-4.80,-6.79,-3.85,-3.93,-7.97
194312,6.91,6.44,5.27,3.94,7.16
194401,2.23,1.30,0.75,0.29,4.48
194402,1.22,-0.03,-0.47,-2.64,2.06
194403,3.34,2.10,2.09,2.46,2.65
194404,-1.47,-1.72,-1.18,-2.36,-2.45
194405,6.14,5.09,3.19,5.68,4.28
194406,6.94,4.89,5.14,3.85,5.94
194407,-1.89,-1.50,-1.04,-1.24,-0.80
194408,3.17,1.07,1.26,0.76,0.36
194409,0.54,-0.24,-0.16,0.43,0.11
194410,-0.84,0.49,0.78,1.09,0.69
194411,1.95,1.25,1.11,0.52,4.29
194412,2.71,4.39,2.54,1.71,8.45
194501,1.59,3.74,-0.79,0.56,0.61
194502,5.34,6.97,4.66,4.25,7.85
194503,-3.66,-4.75,-1.93,-1.83,-3.53
194504,8.49,8.13,5.19,6.33,8.82
194505,2.73,0.42,2.80,4.11,3.09
194506,-0.93,0.32,0.41,-4.65,4.46
194507,-0.95,-2.75,0.32,-1.62,-5.47
194508,8.42,6.00,5.48,9.19,2.56
194509,4.92,5.05,2.63,6.51,6.08
194510,4.39,3.82,1.57,6.61,5.76
194511,4.17,5.81,3.05,8.58,9.14
194512,2.25,0.75,1.52,1.53,0.15
194601,7.05,6.07,4.14,7.76,7.40
194602,-5.95,-5.67,-5.10,-4.31,-6.14
194603,6.15,7.17,1.65,14.57,4.67
194604,4.01,5.56,1.64,14.67,1.70
194605,3.41,4.40,3.97,5.64,3.38
194606,-5.49,-3.37,-2.48,-5.52,-3.26
194607,-2.50,-2.43,-1.64,-3.22,-4.95
194608,-6.54,-6.23,-6.95,-3.24,-6.78
194609,-10.70,-9.55,-7.15,-7.03,-14.38
194610,-1.32,-1.13,-4.05,-0.24,-0.46
194611,-2.34,1.28,-0.05,1.67,0.00
194612,4.44,5.92,4.21,7.23,2.77
194701,3.08,0.33,3.05,-5.32,0.46
194702,0.18,-1.28,-2.06,-4.19,-1.27
194703,-2.34,-0.67,-2.21,-1.26,-3.33
194704,-6.31,-3.98,-2.59,-8.60,-6.26
194705,-0.93,-0.77,-0.72,-2.68,-2.07
194706,7.26,6.15,0.09,4.19,3.18
194707,4.79,3.70,3.46,2.60,5.99
194708,-1.82,-1.24,-1.89,-3.83,-3.18
194709,-0.56,-0.59,0.98,-2.62,-0.97
194710,2.25,3.43,0.95,1.22,1.01
194711,-2.16,-1.75,-1.59,-3.04,-1.98
194712,1.04,4.48,1.44,3.10,3.70
194801,-3.60,-4.70,-2.68,-8.23,-0.86
194802,-5.29,-4.37,-2.45,-3.53,-4.11
194803,6.29,9.35,6.28,6.33,9.93
194804,2.31,5.14,1.04,2.14,3.24
194805,8.67,7.03,7.51,6.78,6.79
194806,-1.13,0.90,-0.51,-2.19,-0.82
194807,-4.17,-5.66,-4.11,-4.25,-4.96
194808,1.01,-0.44,1.51,-1.90,1.53
194809,-3.10,-3.04,-1.67,-3.08,-3.42
194810,5.05,7.23,3.89,5.19,4.95
194811,-7.78,-10.69,-5.64,-5.74,-10.58
194812,1.72,4.09,3.58,4.54,2.87
194901,2.60,-0.51,-1.30,4.57,0.31
194902,-2.54,-3.19,-2.22,-0.93,-3.17
194903,3.60,4.38,3.50,5.50,4.89
194904,-2.38,-1.36,-2.66,0.24,-1.54
194905,-0.93,-3.70,-3.70,-1.88,-2.67
194906,1.62,-0.39,0.64,2.16,-1.37
194907,6.24,5.85,4.48,6.00,4.19
194908,2.78,3.44,0.87,0.19,1.45
194909,2.63,3.66,2.36,1.86,3.40
194910,2.91,3.68,2.77,3.38,2.44
194911,2.76,1.32,2.74,4.81,1.21
194912,5.94,4.35,5.27,8.70,7.17
195001,1.26,1.47,3.21,1.06,3.19
195002,1.91,1.29,2.06,1.92,1.02
195003,0.28,1.93,3.46,-2.90,-0.68
195004,3.22,5.21,3.58,5.52,1.50
195005,3.81,6.18,1.07,3.96,1.36
195006,-4.80,-6.11,-6.17,-4.19,-6.80
195007,-1.01,2.81,-2.09,-6.94,7.49
195008,5.84,5.25,3.84,3.68,2.30
195009,7.16,4.21,2.17,6.15,6.52
195010,0.29,0.22,-0.63,-1.76,-1.52
195011,-0.60,4.64,1.18,4.68,3.94
195012,2.37,6.84,2.88,6.06,11.04
195101,5.86,6.03,4.82,3.10,6.40
195102,2.17,1.41,2.46,1.46,-0.41
195103,-1.24,-2.60,-1.00,1.70,-2.84
195104,1.66,7.12,2.03,10.41,3.74
195105,-2.73,-2.13,-1.62,1.57,-3.26
195106,-4.46,-1.77,-0.91,0.83,-5.11
195107,3.06,8.92,4.41,14.42,7.39
195108,4.43,4.76,4.31,-1.38,3.46
195109,1.63,0.06,1.76,-1.84,3.59
195110,-2.74,-1.67,-3.55,-5.94,-3.62
195111,1.08,0.20,1.33,-0.50,2.12
195112,1.50,4.42,3.03,5.11,2.13
195201,-0.35,2.56,-0.91,0.73,3.32
195202,-1.61,-3.00,-2.09,-4.22,-1.58
195203,4.27,4.88,3.16,0.37,5.85
195204,-2.79,-6.27,-2.17,-5.46,-3.38
195205,2.96,3.80,2.03,2.53,2.94
195206,3.76,4.22,3.94,-0.97,4.02
195207,1.70,1.06,0.95,-4.39,1.15
195208,1.03,-1.42,0.27,-0.55,-0.13
195209,-1.49,-2.44,0.29,-4.10,-1.36
195210,-0.26,-0.54,-0.12,-1.47,-1.57
195211,5.79,5.81,6.49,7.25,7.27
195212,3.60,3.13,1.86,-1.96,3.74
195301,0.75,-0.51,-0.62,-5.12,1.07
195302,0.07,-0.31,0.04,2.09,-0.22
195303,-2.43,-0.96,-0.63,-0.16,-1.44
195304,-1.06,-3.60,-0.95,-5.35,-3.21
195305,0.46,0.72,0.72,-0.03,1.44
195306,-2.16,-1.72,-0.82,-3.29,-2.05
195307,1.75,3.18,1.54,3.66,1.42
195308,-4.22,-4.53,-2.61,0.05,-6.77
195309,-0.21,0.26,2.39,0.43,-0.99
195310,3.26,5.61,4.13,2.66,3.69
195311,1.28,3.26,3.51,7.98,2.77
195312,-0.28,0.57,0.52,-1.34,-2.29
195401,4.34,5.59,4.37,5.65,6.64
195402,0.67,1.67,3.98,-0.18,1.54
195403,1.91,4.33,5.25,0.28,1.80
195404,2.28,5.05,5.65,1.20,2.87
195405,3.34,3.63,0.42,1.61,4.39
195406,1.39,0.12,5.30,-2.43,1.49
195407,7.13,4.95,2.00,8.21,6.83
195408,-2.31,-2.09,-2.97,-2.57,-2.25
195409,8.26,6.77,5.06,2.82,4.33
195410,-1.71,-1.88,-1.36,-1.62,0.58
195411,6.04,10.48,8.89,12.55,11.15
195412,4.98,6.01,2.33,6.13,9.36
195501,0.76,0.30,2.71,-2.88,0.89
195502,0.42,3.54,4.61,2.85,3.77
195503,-0.63,0.00,-0.97,6.10,0.93
195504,4.12,2.88,3.95,0.01,3.44
195505,0.21,1.40,0.68,3.14,1.63
195506,6.18,8.77,2.88,0.17,2.37
195507,9.37,0.61,-0.57,0.14,-1.79
195508,-1.86,1.38,-1.05,0.15,0.46
195509,4.38,-0.83,-1.84,-3.20,-2.50
195510,-3.18,-2.20,-3.48,0.81,-2.83
195511,6.77,7.48,6.54,6.26,8.05
195512,-1.82,2.81,3.16,6.22,-0.73
195601,-4.64,-2.49,-2.18,-6.50,-2.76
195602,3.68,4.25,3.37,8.25,3.17
195603,2.53,8.46,6.42,7.24,5.67
195604,-2.64,1.52,-0.66,2.74,0.50
195605,-4.11,-5.58,-3.55,-1.24,-5.47
195606,3.79,3.83,4.32,3.58,1.58
195607,3.92,6.03,4.12,3.10,2.42
195608,-0.65,-3.77,-2.58,-3.07,-3.56
195609,-2.32,-5.73,-5.07,-3.69,-4.40
195610,-0.29,0.87,1.14,0.58,1.10
195611,-2.42,1.20,1.05,-1.31,0.22
195612,0.65,4.19,3.58,6.05,2.00
195701,-2.32,-4.05,-1.87,-2.26,-0.55
195702,-1.42,-2.25,-0.20,-0.35,-2.56
195703,1.13,2.33,3.26,8.21,2.30
195704,4.12,4.63,4.76,5.43,3.15
195705,1.28,4.71,3.71,4.78,1.37
195706,-0.75,-1.21,2.10,6.45,-1.10
195707,2.55,0.62,0.51,2.98,1.12
195708,-2.53,-5.57,-4.13,-2.26,-5.41
195709,-3.93,-6.52,-4.55,-3.71,-6.63
195710,-3.62,-4.46,-1.93,-0.45,-6.87
195711,-1.51,3.21,4.26,7.77,0.33
195712,-4.19,-4.25,-1.31,-0.38,-4.37
195801,6.58,4.32,4.12,-0.05,11.00
195802,0.34,-2.24,-0.64,4.92,-1.76
195803,3.49,3.57,1.94,7.53,2.51
195804,3.74,3.27,1.13,7.52,4.55
195805,3.80,2.06,1.80,1.07,3.75
195806,2.53,3.16,2.71,3.23,2.88
195807,5.12,4.64,2.48,5.97,5.31
195808,2.07,1.67,2.22,1.98,3.07
195809,6.91,3.96,5.68,11.72,4.64
195810,1.91,2.73,3.13,1.05,3.64
195811,3.54,2.62,3.40,8.03,4.69
195812,3.55,4.13,13.16,4.61,3.04
195901,1.92,0.79,0.41,-0.62,1.97
195902,0.95,-0.04,5.01,3.86,1.68
195903,-0.63,0.75,1.11,4.26,-0.72
195904,5.60,2.54,6.76,11.92,2.07
195905,3.87,1.79,2.29,-1.07,0.65
195906,1.25,-0.37,-1.01,6.59,1.41
195907,5.24,4.06,0.55,4.74,0.17
195908,1.53,-1.68,-1.21,-3.52,-2.21
195909,-3.45,-5.35,-2.82,-4.96,-4.07
195910,0.84,1.26,3.43,2.38,0.18
195911,1.02,1.22,4.76,5.62,-0.51
195912,3.65,2.67,3.79,-1.63,2.08
196001,-7.56,-7.09,-5.49,-6.35,-4.42
196002,1.01,-0.09,6.67,0.27,0.01
196003,-2.65,-1.90,0.95,1.61,-2.33
196004,-0.41,-2.77,-0.14,1.68,-1.11
196005,2.83,1.62,6.89,13.77,0.34
196006,2.76,2.92,0.69,-0.16,2.83
196007,-1.32,-2.44,-2.45,-3.86,-1.52
196008,3.66,2.85,3.65,2.46,3.01
196009,-5.42,-5.07,-7.51,-8.71,-5.77
196010,0.29,0.01,-1.77,-3.49,-0.85
196011,4.73,4.25,5.76,4.04,6.74
196012,2.24,4.81,7.19,6.22,4.17
196101,5.86,7.03,5.19,6.05,7.82
196102,5.44,3.64,1.78,5.19,5.66
196103,4.76,1.59,4.96,3.80,3.45
196104,-0.76,0.87,0.63,-0.30,0.51
196105,3.08,2.98,1.00,2.28,4.21
196106,-1.07,-2.98,-3.65,-3.38,-3.87
196107,4.14,2.51,3.96,3.45,1.25
196108,3.58,2.19,2.47,3.84,5.30
196109,2.00,-3.63,-1.18,-1.31,-1.82
196110,3.72,2.66,1.91,3.52,2.28
196111,6.88,3.70,5.44,3.27,3.93
196112,-0.58,0.01,1.17,-2.02,-1.84
196201,-4.94,-2.40,-5.49,-4.62,-1.40
196202,-0.07,2.71,1.91,3.76,1.70
196203,-0.61,-0.22,-1.30,0.54,-1.85
196204,-5.27,-5.60,-8.06,-11.01,-7.12
196205,-8.41,-7.89,-9.19,-10.90,-7.92
196206,-8.32,-7.21,-10.05,-12.59,-9.18
196207,6.32,5.74,9.21,7.78,5.72
196208,2.88,2.44,2.47,-7.92,3.84
196209,-4.78,-3.92,-7.46,-4.05,-5.74
196210,-0.53,0.37,1.34,2.47,0.65
196211,9.82,11.09,10.74,17.59,14.88
196212,1.68,1.67,0.45,0.89,1.35
196301,5.66,4.74,4.88,5.65,5.24
196302,-2.45,-1.94,-3.08,-2.58,-0.37
196303,4.41,3.77,2.33,1.18,2.87
196304,4.50,4.53,5.05,7.62,5.85
196305,4.60,1.18,1.78,-0.25,3.63
196306,-1.99,-1.12,-3.47,-1.09,-1.30
196307,-0.48,0.23,-0.41,0.56,-1.61
196308,6.03,5.04,4.62,9.56,5.49
196309,-0.41,-2.05,1.48,-4.06,-3.16
196310,5.66,0.96,5.29,3.38,1.38
196311,-3.05,-0.43,2.39,-1.65,0.23
196312,1.02,2.84,1.10,1.54,2.80
196401,1.35,3.06,3.18,3.68,1.24
196402,1.95,1.82,0.60,1.66,5.45
196403,1.88,2.04,0.79,-1.94,2.18
196404,1.42,0.61,-1.02,-1.42,0.26
196405,1.85,1.70,0.86,0.53,2.42
196406,1.64,1.10,3.03,0.59,1.36
196407,3.33,2.71,-1.91,4.76,1.34
196408,0.65,-1.18,-2.02,-4.22,-3.13
196409,3.74,3.62,-0.15,2.73,4.05
196410,0.59,1.30,-0.93,2.88,1.84
196411,0.25,0.85,-1.42,2.17,-1.80
196412,0.91,-0.35,1.83,4.38,-1.78
196501,4.24,3.58,3.17,7.66,4.72
196502,0.44,0.24,1.38,2.42,2.58
196503,0.25,-1.58,-1.17,-0.92,-0.27
196504,6.19,2.35,3.51,2.98,2.16
196505,-1.91,-0.21,1.79,-1.24,-1.68
196506,-6.21,-4.42,-4.81,-5.31,-6.97
196507,1.22,1.77,1.28,3.95,3.40
196508,3.25,2.43,3.27,6.29,5.07
196509,3.31,3.50,2.93,2.24,1.80
196510,3.95,2.96,1.08,3.23,4.26
196511,-1.44,0.70,-1.03,3.80,3.88
196512,1.26,1.62,-1.19,3.83,3.47
196601,-0.16,1.18,-0.02,2.74,5.25
196602,-1.27,-2.18,2.71,-1.55,2.09
196603,-2.75,-1.61,-2.86,-1.60,-2.84
196604,0.83,2.58,4.54,-0.02,3.04
196605,-6.04,-4.54,-4.60,-5.26,-7.87
196606,-2.08,-1.50,0.16,0.99,0.74
196607,-1.96,-0.71,-1.48,-1.72,-2.05
196608,-7.12,-7.60,-5.33,-8.07,-11.75
196609,-1.38,0.08,-1.27,-1.13,-1.86
196610,1.32,5.76,4.57,4.87,3.12
196611,-0.75,0.68,4.00,6.89,7.95
196612,-2.01,0.90,1.61,-0.17,2.09
196701,11.19,7.23,8.32,6.41,11.97
196702,0.89,0.26,4.30,1.42,-0.24
196703,3.92,4.34,4.30,7.83,4.18
196704,8.39,2.79,4.34,4.46,2.22
196705,-5.21,-3.38,-4.97,-5.29,-1.89
196706,2.40,1.52,4.79,5.38,3.78
196707,8.09,5.12,-0.45,3.79,7.85
196708,-0.13,-0.79,-1.11,0.66,-0.31
196709,3.78,2.86,5.59,2.89,1.35
196710,-2.95,-3.60,1.74,-5.01,-5.23
196711,0.06,1.12,0.92,1.33,-0.40
196712,2.22,4.26,1.48,1.62,5.49
196801,-2.21,-3.72,-4.80,-6.57,-1.84
196802,-2.07,-3.31,-3.76,-4.24,-3.56
196803,1.16,-0.06,2.19,0.10,-0.09
196804,11.79,7.76,8.72,11.90,12.10
196805,2.35,2.16,2.27,3.34,6.25
196806,-0.18,1.71,0.01,2.25,2.99
196807,-3.77,-0.74,-3.81,-4.10,-2.76
196808,1.99,1.97,0.78,0.68,2.82
196809,6.45,3.52,2.95,0.85,9.17
196810,2.41,1.36,-2.19,-0.05,1.10
196811,2.63,6.20,7.44,8.10,7.63
196812,-3.21,-3.12,-5.82,-1.03,-3.75
196901,-1.43,-0.15,-2.62,-0.23,0.88
196902,-4.66,-5.35,-3.49,-5.14,-8.35
196903,3.61,3.31,3.32,3.34,0.75
196904,1.85,0.78,5.25,4.98,1.81
196905,0.53,0.72,-0.71,1.66,-1.11
196906,-6.26,-7.64,-1.54,-5.03,-10.67
196907,-7.40,-6.45,-5.10,-2.73,-9.13
196908,5.08,3.97,5.14,9.20,9.02
196909,-0.24,-4.80,-1.21,2.17,-0.74
196910,6.15,4.58,5.04,8.97,7.93
196911,-3.70,-4.12,-0.83,0.34,-5.54
196912,-2.81,-1.66,-2.31,4.30,-3.75
197001,-6.22,-7.89,-6.99,-7.11,-8.81
197002,5.30,5.58,4.62,5.57,9.40
197003,1.04,0.12,-0.91,-5.10,-1.91
197004,-9.95,-8.89,-12.38,-10.12,-13.70
197005,-7.59,-4.56,-7.41,-7.74,-8.31
197006,-3.09,-4.08,-10.51,-0.48,-6.82
197007,9.11,7.89,5.42,2.14,8.02
197008,5.10,5.16,5.79,1.80,5.03
197009,5.17,2.97,5.88,8.01,7.61
197010,-1.02,-0.86,-3.61,0.31,-5.89
197011,6.14,5.19,4.81,2.97,3.74
197012,6.41,6.04,5.31,5.34,8.37
197101,5.42,3.73,7.03,4.92,7.79
197102,3.18,1.57,-0.27,1.31,2.22
197103,4.76,3.45,5.46,3.68,5.94
197104,5.36,3.04,1.84,4.23,4.34
197105,-3.20,-3.21,-5.81,-2.13,-4.53
197106,-0.10,1.24,-1.08,2.05,-1.32
197107,-3.70,-3.67,-6.95,-2.17,-3.86
197108,6.70,2.64,3.63,3.15,6.98
197109,0.17,-0.86,-0.95,0.66,-0.42
197110,-4.31,-4.22,-3.52,-2.47,-4.21
197111,0.01,-0.71,1.31,0.69,-0.27
197112,8.88,9.36,10.02,7.79,8.22
197201,2.12,1.80,5.97,2.63,3.36
197202,3.47,3.00,1.36,7.12,2.25
197203,2.16,-0.17,0.65,0.46,2.29
197204,0.23,0.46,0.19,1.10,1.79
197205,0.17,2.17,2.96,3.71,-0.63
197206,-2.64,-1.78,-2.58,2.54,-4.51
197207,-2.01,-0.03,0.89,3.10,-2.96
197208,1.11,5.49,3.54,1.05,3.55
197209,-1.38,-0.70,0.45,-0.43,-1.74
197210,-0.53,2.52,-1.59,1.50,1.12
197211,7.00,5.13,3.95,-0.53,5.12
197212,1.36,0.51,1.81,3.73,-0.76
197301,-5.26,-1.22,0.61,-1.18,-7.47
197302,-5.60,-3.75,-3.54,-0.71,-6.09
197303,-3.14,0.37,-0.68,0.78,-0.29
197304,-6.54,-2.89,-4.32,-5.48,-7.79
197305,-2.89,-1.69,-2.01,1.07,-5.03
197306,-3.89,-0.13,-0.17,0.02,-0.28
197307,8.50,3.29,3.15,6.87,9.56
197308,-3.80,-2.31,-3.76,-6.91,-2.24
197309,7.00,6.42,0.67,0.79,7.20
197310,-3.41,1.20,0.52,1.83,-1.05
197311,-16.30,-11.51,-8.29,-7.77,-13.45
197312,-1.93,3.83,-1.34,-4.48,2.47
197401,4.99,-1.73,1.52,-2.52,1.11
197402,-0.02,-0.49,1.32,-1.23,1.03
197403,-1.73,-2.08,-3.43,1.21,-3.64
197404,-3.26,-5.06,-4.27,-1.48,-6.39
197405,-0.48,-4.14,-3.28,-0.12,-8.41
197406,-1.95,-1.08,-1.77,-1.62,-5.50
197407,-11.56,-4.23,-8.14,-14.06,-6.64
197408,-10.04,-9.47,-3.09,-8.11,-10.62
197409,-12.31,-9.52,-11.89,-15.55,-9.58
197410,10.25,17.28,13.17,29.52,20.22
197411,-4.68,-4.63,-4.17,-1.20,-2.76
197412,-2.45,-2.16,-2.48,-3.37,-4.35
197501,21.74,12.40,13.50,-0.61,17.81
197502,4.53,5.07,9.85,16.04,2.84
197503,8.04,1.79,0.26,1.28,4.11
197504,3.20,7.14,2.98,0.72,3.30
197505,4.13,6.35,4.98,6.48,5.69
197506,7.46,5.46,2.94,0.91,5.95
197507,-5.08,-5.16,-7.46,-12.03,-6.12
197508,-2.31,-0.96,-3.21,-3.34,-5.12
197509,-2.84,-3.49,-1.00,-6.54,-6.30
197510,9.81,3.45,7.78,10.68,3.91
197511,3.99,1.66,4.73,5.12,3.56
197512,-1.67,-0.52,-0.82,-6.36,-0.29
197601,11.75,12.83,14.98,7.78,12.93
197602,2.20,-0.44,2.05,-6.52,3.12
197603,2.50,2.72,2.10,6.52,1.94
197604,-1.52,-0.04,-1.57,-4.31,-1.56
197605,-3.59,0.80,-0.75,-2.81,-1.67
197606,3.16,4.36,6.54,3.66,5.40
197607,-0.45,-0.77,-0.98,-0.38,-0.05
197608,0.29,-0.64,1.19,2.17,-1.14
197609,2.15,3.04,2.41,3.62,0.94
197610,-1.26,-2.73,-2.36,-3.75,-0.46
197611,1.86,0.55,2.24,-9.69,2.04
197612,5.77,6.22,3.69,6.26,8.39
197701,-4.97,-2.69,-2.34,-8.82,-4.15
197702,-2.23,-1.95,0.00,-0.21,-1.75
197703,-2.43,-0.74,-0.44,-1.79,-0.11
197704,0.24,1.47,-1.82,-5.20,2.16
197705,-1.31,-1.16,-0.29,-1.88,-0.84
197706,4.87,4.70,5.38,9.04,5.34
197707,-0.42,-2.12,-0.45,-2.24,-0.36
197708,1.05,-3.07,-0.62,3.79,-1.24
197709,0.44,0.18,0.29,-0.84,-0.08
197710,-3.64,-3.87,-3.95,-1.68,-4.43
197711,3.97,3.97,4.01,6.02,6.46
197712,-0.60,0.94,2.31,0.59,0.64
197801,-6.25,-5.98,-4.50,-1.86,-5.32
197802,0.05,-1.60,-0.48,-3.00,-0.16
197803,4.38,2.97,0.68,4.16,5.43
197804,8.93,7.63,8.97,9.20,9.32
197805,2.05,2.48,0.83,5.25,2.55
197806,-1.57,-1.79,-0.81,1.10,-0.27
197807,4.33,5.40,5.75,8.87,6.57
197808,4.15,3.61,5.09,1.00,6.34
197809,-1.06,0.37,-2.16,-2.75,-1.25
197810,-12.17,-10.35,-8.39,-12.84,-14.07
197811,1.86,4.05,4.25,5.18,2.51
197812,0.35,1.46,3.93,3.42,1.32
197901,4.85,5.25,4.06,1.42,6.10
197902,-3.76,-2.26,-2.29,-4.52,-3.26
197903,5.39,7.04,4.75,5.05,8.17
197904,1.23,0.83,-0.57,0.42,1.53
197905,-1.68,-1.66,-1.23,-2.64,-0.32
197906,3.09,5.76,1.02,4.83,7.00
197907,1.80,1.95,-1.00,0.14,3.30
197908,7.00,6.68,4.31,8.54,5.84
197909,-0.86,1.45,-1.99,-0.54,-0.68
197910,-8.55,-5.84,-6.76,-4.34,-10.15
197911,2.48,7.01,6.66,8.75,7.01
197912,3.26,2.79,0.60,2.08,4.14
198001,4.21,9.04,4.07,-1.29,5.51
198002,-5.26,3.74,-2.87,-4.63,-3.33
198003,-8.44,-13.81,-9.33,-2.84,-12.24
198004,3.08,6.16,3.07,4.28,6.05
198005,7.66,4.98,4.89,6.96,8.11
198006,2.75,4.25,1.69,0.21,5.16
198007,9.71,4.86,10.20,8.89,6.64
198008,1.61,2.18,4.56,0.30,2.67
198009,0.69,4.26,0.79,3.60,3.65
198010,-0.85,4.09,0.23,-1.29,1.56
198011,2.63,15.98,6.67,8.81,7.38
198012,-0.34,-6.56,-0.63,4.61,-0.72
198101,0.32,-6.18,-4.28,-1.57,-2.56
198102,3.70,1.32,1.00,1.85,1.70
198103,8.64,1.65,3.83,5.87,8.45
198104,1.89,-3.98,1.97,3.00,0.93
198105,2.73,-1.55,5.14,3.47,2.51
198106,-1.77,1.87,-5.16,-5.58,-0.97
198107,-2.10,2.65,-2.45,-3.89,-2.69
198108,-5.92,-5.72,-5.15,-7.75,-5.49
198109,-2.89,-9.14,-1.62,-1.33,-5.46
198110,4.14,6.58,5.46,7.95,7.15
198111,2.68,5.69,1.93,3.93,5.08
198112,-1.35,-3.85,-0.53,-0.75,-3.74
198201,-0.02,-5.06,2.03,1.45,-3.25
198202,-1.80,-6.94,-5.39,-1.80,-3.92
198203,3.33,-1.79,-1.63,-2.58,-1.30
198204,5.70,3.75,4.71,7.34,3.71
198205,-2.68,-1.11,-3.98,-3.05,-5.47
198206,2.36,-4.04,-2.40,-0.73,-2.43
198207,-0.25,-4.47,1.43,0.81,-3.02
198208,11.45,11.97,12.13,12.38,11.33
198209,3.49,0.48,1.15,1.34,4.16
198210,14.22,8.59,14.06,8.34,15.70
198211,7.95,1.04,9.21,5.24,7.61
198212,0.40,3.04,1.51,0.54,-1.31
198301,1.49,4.30,9.55,1.48,2.85
198302,5.16,2.05,2.42,2.78,4.61
198303,5.44,3.01,0.68,4.61,4.96
198304,8.39,7.07,6.81,5.10,8.23
198305,-0.76,1.96,1.59,-2.70,2.47
198306,6.08,2.88,4.49,6.87,1.60
198307,-3.14,-1.72,-5.33,-5.60,-3.67
198308,-2.23,3.09,-0.22,-1.08,-0.84
198309,3.72,0.30,2.16,1.29,1.63
198310,-0.56,-1.12,-6.45,-2.15,-4.03
198311,3.54,2.34,2.52,-3.03,4.68
198312,-1.60,-0.62,-0.15,-3.58,-0.86
198401,-3.84,1.94,-3.39,-0.61,-1.67
198402,-5.40,-2.33,-5.29,-1.99,-4.88
198403,1.13,1.41,0.05,-0.69,2.45
198404,0.62,1.41,0.29,2.29,-2.08
198405,-4.22,-4.54,-4.94,-6.48,-6.86
198406,5.49,0.73,4.80,3.83,2.24
198407,0.10,-3.12,-0.48,-3.84,-1.80
198408,9.51,11.66,11.40,10.26,11.17
198409,0.43,0.49,-1.09,-4.41,2.26
198410,0.87,-0.52,-1.63,1.60,0.73
198411,-1.72,-0.30,-2.25,-0.03,-0.31
198412,2.45,1.43,3.53,2.79,3.71
198501,9.21,6.45,9.77,8.28,9.79
198502,2.05,2.14,0.41,3.59,2.16
198503,0.05,0.58,-2.06,3.01,-0.15
198504,-1.69,0.92,-2.45,-1.73,1.46
198505,8.00,4.18,5.11,9.59,6.35
198506,1.99,1.35,1.49,2.29,2.95
198507,-1.82,0.35,1.72,-0.40,-0.15
198508,-0.63,0.30,-1.66,-0.80,-0.46
198509,-2.65,-3.51,-4.59,-3.89,-4.92
198510,4.03,4.84,3.34,3.19,6.37
198511,8.64,4.80,8.29,9.78,7.41
198512,5.56,2.46,7.69,3.48,4.50
198601,1.80,-0.14,-1.25,1.14,3.54
198602,9.70,6.95,5.61,6.08,8.33
198603,8.22,4.11,0.95,12.05,5.76
198604,-0.71,-1.72,3.51,0.72,-2.65
198605,7.79,4.91,2.01,7.24,4.67
198606,3.54,0.67,-1.34,5.67,1.53
198607,-7.97,-3.65,-6.76,-5.36,-6.40
198608,3.44,8.91,6.94,4.01,6.92
198609,-9.28,-6.09,-7.76,-12.57,-8.82
198610,7.75,5.05,1.87,7.93,4.26
198611,2.15,2.27,3.65,1.35,-0.62
198612,-4.05,-1.94,-3.70,-1.25,-2.53
198701,14.59,12.91,12.90,13.16,11.16
198702,6.49,1.43,6.63,11.28,4.68
198703,2.25,4.21,2.33,0.15,-0.31
198704,-1.28,-1.67,2.50,-2.46,-4.08
198705,0.51,0.64,1.09,1.23,-0.02
198706,5.64,4.87,1.86,4.76,4.63
198707,6.08,4.21,2.61,5.75,3.59
198708,4.09,2.66,6.65,2.20,4.35
198709,-4.32,-1.29,-0.88,-2.55,-1.80
198710,-25.02,-20.82,-21.43,-20.46,-23.58
198711,-8.29,-5.89,-9.48,-9.31,-6.62
198712,8.13,7.21,9.04,5.34,5.40
198801,4.23,4.64,1.89,6.37,6.42
198802,7.54,4.27,5.12,4.20,4.32
198803,-2.02,-0.72,-4.35,-2.55,-1.34
198804,1.28,1.95,1.88,-1.99,-0.39
198805,-0.28,0.52,-0.04,-0.26,0.95
198806,5.75,3.94,7.01,2.68,6.02
198807,0.26,-0.53,-2.95,0.49,-0.52
198808,-2.30,-2.77,-5.97,-1.08,-0.91
198809,6.56,1.84,4.86,3.86,4.14
198810,4.99,1.38,1.28,1.22,0.01
198811,-1.68,-1.32,-1.53,-2.16,-2.13
198812,2.21,2.32,3.34,1.83,0.91
198901,6.25,6.15,7.96,6.80,6.88
198902,-1.83,-1.84,-2.57,-1.15,-0.37
198903,3.30,1.70,-0.24,4.96,3.41
198904,4.74,4.35,7.42,5.41,4.64
198905,4.80,3.81,4.16,3.43,4.19
198906,0.15,-0.95,-1.58,-2.74,0.93
198907,9.74,6.29,6.00,13.89,8.14
198908,0.96,3.00,1.69,0.37,3.41
198909,-1.87,-0.95,0.90,2.38,1.42
198910,-3.63,-2.03,-3.07,0.39,-4.85
198911,1.10,3.31,0.38,4.53,-0.02
198912,0.87,4.11,2.90,1.05,-1.50
199001,-7.42,-5.53,-8.57,-7.37,-8.83
199002,1.32,2.14,1.58,-2.06,2.54
199003,4.57,1.72,4.31,3.86,-0.31
199004,-1.48,-3.56,-2.81,0.29,-3.47
199005,9.88,6.97,10.80,12.76,9.05
199006,1.26,-0.69,-3.11,4.44,-1.56
199007,-2.44,2.43,-5.94,2.59,-3.46
199008,-10.16,-7.95,-11.34,-6.82,-11.41
199009,-6.58,-4.32,-2.41,-4.35,-9.98
199010,-0.30,-0.50,-0.01,1.43,-6.36
199011,7.65,4.49,6.59,9.45,10.64
199012,3.48,1.93,2.84,2.75,5.45
199101,6.97,2.33,6.92,4.53,7.48
199102,9.43,6.34,4.89,9.85,9.70
199103,5.82,1.41,1.54,5.43,3.06
199104,0.01,0.86,-0.89,-1.12,1.30
199105,6.28,3.44,1.03,4.61,4.99
199106,-4.59,-3.69,-5.38,-4.16,-5.21
199107,4.89,3.82,3.91,8.44,4.69
199108,3.92,2.24,1.84,2.86,3.10
199109,-3.19,-0.55,-0.38,-0.40,-0.56
199110,-1.28,1.58,2.05,6.64,2.33
199111,-1.52,-4.35,-4.65,-2.55,-5.37
199112,13.35,7.55,9.47,16.47,12.60
199201,-0.54,-0.90,2.03,-5.55,2.11
199202,2.77,0.71,1.46,-2.59,3.15
199203,-1.22,-1.43,-3.23,-5.46,-2.15
199204,-0.16,4.36,2.69,-2.15,0.52
199205,0.53,1.00,-0.82,1.08,1.53
199206,-1.94,-2.48,-1.54,-4.68,-0.01
199207,3.84,4.41,4.16,5.73,3.20
199208,-0.87,-1.41,-2.80,-3.30,-3.41
199209,2.17,1.18,2.57,-4.90,3.46
199210,1.31,-0.48,0.78,3.32,2.96
199211,5.62,1.45,5.33,4.87,6.02
199212,0.65,1.86,2.74,-1.40,3.83
199301,0.66,1.16,2.99,-6.77,3.28
199302,-1.63,3.71,2.65,-8.94,0.42
199303,1.80,2.55,2.74,0.81,3.90
199304,-7.37,0.19,-3.27,1.31,-3.22
199305,3.79,1.64,6.46,3.61,1.71
199306,-1.13,0.39,2.10,-2.92,2.21
199307,-0.52,0.58,-0.87,-6.00,2.06
199308,3.59,3.67,5.92,3.06,3.46
199309,-0.80,-0.85,0.40,0.91,1.69
199310,5.67,0.69,2.10,6.00,-2.28
199311,0.70,-2.09,-3.08,1.11,-2.80
199312,0.42,2.52,1.29,2.49,2.61
199401,1.15,3.42,3.41,1.93,4.42
199402,-0.45,-2.10,-1.78,-5.55,-3.90
199403,-4.66,-4.13,-3.82,-6.71,-4.30
199404,0.56,1.41,-0.21,2.40,1.26
199405,-1.79,0.21,1.89,4.37,3.00
199406,-2.40,-2.71,-2.46,-3.69,-2.64
199407,2.15,4.38,3.55,1.04,2.65
199408,4.45,2.86,5.35,10.72,3.47
199409,-1.88,-1.96,-0.77,1.72,-4.23
199410,1.24,2.26,3.89,0.88,0.15
199411,-2.87,-4.23,-3.59,0.43,-5.18
199412,-0.08,2.17,1.81,0.53,1.47
199501,0.62,1.06,1.31,6.16,4.72
199502,3.15,4.33,4.47,2.24,4.86
199503,2.87,2.86,2.72,2.70,1.98
199504,0.34,2.72,5.52,3.07,1.61
199505,3.92,3.91,2.11,1.62,4.47
199506,2.86,0.43,7.48,4.47,2.15
199507,2.42,2.52,6.87,5.30,4.87
199508,-0.74,-0.28,1.54,1.04,3.72
199509,3.85,2.78,2.92,7.45,4.56
199510,-2.84,-1.37,0.85,1.13,-2.05
199511,5.31,5.16,0.64,4.94,6.17
199512,0.95,3.12,-1.06,5.92,1.12
199601,1.63,2.26,2.11,5.95,3.52
199602,3.39,0.26,2.95,-1.07,2.23
199603,2.57,3.07,-2.84,0.23,1.70
199604,2.31,1.28,7.22,-0.60,0.19
199605,4.95,1.76,2.46,3.93,1.58
199606,-0.07,0.82,-3.01,-0.19,-0.25
199607,-5.46,-4.47,-7.88,-6.06,-4.31
199608,2.46,3.12,2.54,4.19,3.91
199609,3.39,4.71,7.52,7.34,5.07
199610,-0.10,2.90,-1.08,-0.68,3.96
199611,4.50,5.38,10.00,6.66,7.54
199612,-1.66,-0.05,-0.96,-2.66,-1.81
199701,3.12,3.72,7.18,9.55,6.04
199702,3.09,-0.95,-4.55,0.94,2.60
199703,-3.52,-1.56,-6.20,-7.40,-5.89
199704,3.60,3.01,6.44,6.16,5.23
199705,6.07,7.09,9.11,6.91,6.25
199706,4.14,3.98,2.04,8.89,5.37
199707,5.65,6.61,12.08,2.06,9.23
199708,-3.74,-3.60,-1.56,-6.14,-4.80
199709,5.37,4.23,5.08,6.62,7.91
199710,-2.78,-3.99,-5.27,0.26,-2.63
199711,4.86,2.64,4.03,2.86,3.02
199712,2.17,0.66,-1.47,3.55,5.34
199801,-0.90,-1.59,5.12,5.73,-2.12
199802,8.26,6.38,7.87,5.44,8.19
199803,6.14,5.14,3.96,3.61,5.79
199804,-1.38,1.27,2.42,1.92,1.82
199805,2.42,-2.65,-5.30,-2.47,-3.01
199806,3.92,-0.27,6.99,6.18,3.13
199807,-3.25,-5.94,1.52,-0.22,-1.71
199808,-14.44,-10.86,-15.72,-12.26,-21.36
199809,1.42,4.69,13.51,12.00,2.68
199810,10.82,6.40,6.50,3.86,8.97
199811,7.59,2.48,9.14,6.18,6.20
199812,4.83,1.62,14.97,5.02,3.60
199901,0.40,-1.85,13.22,0.24,1.11
199902,-2.75,-2.49,-9.03,0.22,-0.01
199903,0.50,5.78,5.78,2.55,2.41
199904,2.94,10.37,4.04,-5.53,6.77
199905,-1.60,-1.72,-0.18,-2.05,-3.52
199906,4.01,1.82,10.04,4.49,3.24
199907,-4.16,-0.43,-1.75,-4.44,-6.06
199908,-4.68,0.28,1.71,3.72,-5.12
199909,-2.83,-3.28,1.00,-7.09,-4.38
199910,4.62,2.72,4.85,10.78,11.42
199911,1.46,-0.91,10.59,1.50,-2.25
199912,2.78,6.31,16.58,-5.63,1.43
200001,-7.88,-4.61,-4.56,7.56,-4.64
200002,-5.17,-4.89,13.27,-2.88,-6.98
200003,10.99,8.80,4.64,0.28,14.12
200004,-1.93,1.21,-10.14,5.25,-3.41
200005,-0.53,1.40,-10.76,3.94,3.46
200006,-1.33,-2.48,11.33,11.51,-2.82
200007,-0.05,-0.38,-5.60,-6.16,5.55
200008,-1.55,8.27,10.08,3.58,9.08
200009,2.27,-0.60,-13.18,3.72,0.36
200010,2.02,1.17,-6.02,2.59,-1.07
200011,-0.78,-2.27,-21.84,0.79,-5.95
200012,5.17,7.21,-7.20,3.53,7.18
200101,3.98,-2.87,16.06,-8.93,0.05
200102,-3.03,-1.40,-22.62,-0.50,-4.38
200103,-3.54,-3.82,-11.68,-8.44,-4.11
200104,4.19,8.47,13.98,3.99,5.78
200105,1.83,1.56,-2.86,3.03,3.75
200106,-1.63,-5.74,0.43,-2.85,0.03
200107,2.72,-1.22,-5.79,2.30,-2.27
200108,-4.01,-1.95,-11.72,-3.11,-5.33
200109,-7.54,-9.49,-14.33,-0.59,-8.30
200110,1.36,3.61,7.69,1.18,-0.58
200111,7.35,2.81,13.29,5.04,7.92
200112,3.16,3.81,0.25,-2.88,3.30
200201,2.47,-0.70,-2.26,-2.36,-2.92
200202,1.77,3.69,-10.56,-0.51,-0.52
200203,3.05,6.63,4.80,0.47,5.43
200204,0.40,-2.10,-12.00,-7.59,-3.74
200205,-0.13,-1.53,-2.06,-2.23,-0.39
200206,-5.60,-2.80,-12.79,-9.60,-5.38
200207,-9.57,-10.14,-10.20,-2.55,-6.41
200208,2.03,0.00,-0.55,0.65,1.14
200209,-8.82,-8.67,-14.69,-5.86,-10.70
200210,4.86,2.96,19.98,5.68,6.38
200211,1.27,4.64,14.88,3.71,4.61
200212,-4.14,-1.33,-11.92,-4.05,-4.98
200301,-4.67,-3.46,-2.06,-0.59,-2.32
200302,-2.27,-1.27,-0.92,-1.94,-2.62
200303,1.08,1.75,-0.87,3.79,0.75
200304,7.61,4.52,9.78,4.32,11.78
200305,5.64,6.72,8.79,3.91,5.30
200306,2.65,0.06,0.71,4.11,0.94
200307,1.28,0.99,3.59,0.62,3.53
200308,4.49,4.39,4.78,-2.53,0.61
200309,-2.41,-2.13,-2.12,0.24,0.35
200310,7.57,5.59,7.84,0.72,6.42
200311,1.95,1.50,1.27,1.64,1.11
200312,0.95,8.41,3.39,5.69,4.48
200401,0.20,0.08,3.72,3.04,2.72
200402,4.91,2.75,-2.40,0.91,2.02
200403,-0.04,0.02,-2.51,-3.91,-0.61
200404,-0.70,0.04,-3.80,3.57,-3.84
200405,-0.84,1.20,2.82,-0.38,2.08
200406,1.13,4.88,2.12,-0.38,1.51
200407,-4.75,-1.11,-6.73,-5.88,-2.40
200408,-0.49,0.90,-2.96,1.66,1.93
200409,0.89,3.90,2.77,-1.41,1.23
200410,2.51,0.16,4.60,-2.40,1.22
200411,4.24,6.60,5.23,0.66,4.96
200412,4.06,1.10,3.47,5.66,4.42
200501,-1.17,0.26,-5.58,-4.05,-2.44
200502,0.67,8.50,-0.18,2.48,0.22
200503,-0.93,-1.76,-1.85,-0.41,-2.40
200504,-4.09,-4.00,-3.90,3.96,-1.64
200505,4.91,2.45,6.15,1.45,3.38
200506,0.84,2.29,-1.18,-0.57,1.40
200507,4.50,5.42,5.26,3.74,2.44
200508,-3.25,1.49,-0.70,-0.33,-1.70
200509,-1.21,3.64,0.22,-1.95,1.22
200510,-0.13,-6.07,-1.96,-3.26,1.25
200511,2.73,2.92,5.66,1.57,4.93
200512,-0.44,1.15,-1.77,2.40,0.18
200601,1.59,7.41,3.73,2.16,1.54
200602,1.21,-2.48,-0.32,1.07,1.09
200603,1.99,2.28,2.74,-0.96,1.86
200604,-0.51,3.89,-0.53,-1.93,2.24
200605,-0.54,-2.58,-5.42,-2.19,-3.23
200606,0.25,1.05,-0.31,-0.14,-0.32
200607,-1.30,0.64,-2.40,4.27,-1.11
200608,2.46,0.07,5.91,2.29,1.63
200609,3.25,-0.71,3.61,1.67,3.36
200610,3.50,4.76,4.57,1.65,2.89
200611,-0.02,5.20,2.43,0.05,1.74
200612,1.48,-0.38,0.34,0.08,3.22
200701,2.63,1.16,2.35,3.50,1.09
200702,-1.06,0.38,-2.49,-2.80,-2.31
200703,1.26,3.55,1.25,-0.21,-0.27
200704,3.12,4.65,4.22,6.84,3.39
200705,2.70,5.02,4.56,1.11,3.35
200706,-1.21,-0.72,0.04,-3.40,-2.69
200707,-4.97,-1.06,-1.78,-4.04,-5.46
200708,1.32,0.77,1.74,2.31,0.89
200709,1.25,5.97,3.60,3.58,2.68
200710,1.53,2.50,4.43,1.44,-0.12
200711,-2.16,-2.83,-7.25,0.03,-6.31
200712,-1.98,3.36,1.03,-4.07,-3.61
200801,-2.75,-8.08,-11.20,-4.55,-1.97
200802,-2.98,2.57,-3.73,-0.92,-8.32
200803,1.18,-0.95,0.50,-1.79,-1.73
200804,2.45,7.41,6.23,0.41,3.64
200805,2.18,3.78,5.27,1.63,-2.43
200806,-8.53,-3.02,-9.48,-3.01,-14.83
200807,1.41,-8.02,-1.34,6.76,4.33
200808,3.66,0.52,2.77,1.79,0.30
200809,-4.74,-12.80,-12.58,-5.95,-6.78
200810,-14.81,-17.85,-17.78,-10.96,-20.03
200811,-7.43,-3.37,-8.95,-7.36,-12.10
200812,2.71,-1.07,2.61,6.75,1.38
200901,-6.12,-5.29,-5.05,-2.20,-18.34
200902,-5.48,-12.71,-5.49,-9.92,-14.02
200903,8.51,5.12,10.40,7.05,12.89
200904,8.83,9.66,11.92,-0.95,16.36
200905,2.11,7.42,2.79,6.26,7.74
200906,0.15,-1.97,3.73,3.54,-1.92
200907,7.64,7.76,7.64,5.52,8.91
200908,2.48,1.62,2.09,2.19,8.06
200909,3.19,5.28,5.47,2.40,3.21
200910,-0.26,-0.82,-1.86,-3.67,-5.23
200911,4.81,5.36,5.28,8.22,5.76
200912,2.43,1.98,5.97,2.45,1.23
201001,-1.98,-4.02,-7.63,0.00,-1.65
201002,3.86,3.23,4.37,0.38,3.38
201003,6.33,4.74,6.92,3.61,8.43
201004,1.53,3.31,2.50,-2.23,2.15
201005,-5.71,-8.88,-7.31,-8.01,-8.82
201006,-6.47,-5.19,-5.77,-1.63,-7.65
201007,6.44,8.48,7.98,2.14,7.48
201008,-3.32,-3.79,-5.54,-1.66,-7.55
201009,9.85,8.83,11.41,9.01,8.82
201010,3.62,4.33,6.04,2.00,2.60
201011,2.84,2.46,-1.04,-3.34,0.52
201012,4.12,7.27,6.18,5.41,9.73
201101,-1.31,4.25,3.10,-0.71,1.97
201102,2.91,4.88,3.40,3.33,2.66
201103,1.89,1.73,-0.86,2.30,-0.87
201104,4.36,2.47,3.19,6.38,1.11
201105,0.88,-2.59,-1.15,1.97,-2.38
201106,-0.96,-1.27,-2.10,-1.83,-2.06
201107,-1.39,-2.05,-1.38,-3.65,-3.76
201108,-2.85,-6.70,-6.59,-3.10,-7.59
201109,-5.11,-10.01,-5.09,-3.96,-10.29
201110,9.46,13.60,11.01,5.53,13.30
201111,0.45,1.43,-1.58,1.27,-1.60
201112,1.11,-0.09,-0.48,3.53,1.07
201201,3.35,3.10,6.90,3.39,6.76
201202,3.72,4.42,6.35,1.23,3.87
201203,4.03,-0.68,4.25,3.96,4.76
201204,0.27,-0.67,-1.35,0.62,-1.69
201205,-3.31,-7.79,-6.46,-3.29,-7.19
201206,2.04,3.23,3.77,6.80,4.75
201207,1.24,2.06,0.47,1.65,-1.00
201208,1.82,1.82,3.75,0.97,2.78
201209,1.66,2.46,2.29,4.71,3.79
201210,-0.78,-0.82,-5.40,-1.89,0.64
201211,2.25,0.01,1.46,1.50,-0.02
201212,-0.89,1.80,0.45,-0.53,3.42
201301,5.22,6.49,3.08,8.07,6.93
201302,1.66,1.08,0.94,1.35,1.78
201303,4.78,2.88,3.39,6.50,4.02
201304,3.17,0.70,1.43,2.58,0.82
201305,1.12,1.51,2.85,1.63,6.05
201306,-0.05,-1.71,-1.65,-1.36,-1.16
201307,5.06,5.40,5.46,7.87,5.43
201308,-3.83,-2.31,-0.78,-3.81,-3.64
201309,3.75,3.41,3.94,4.01,3.78
201310,4.57,4.40,4.32,3.82,3.76
201311,2.66,1.46,2.83,4.50,4.57
201312,1.11,2.84,4.08,0.65,3.08
201401,-5.94,-4.22,-1.78,1.65,-4.44
201402,4.90,5.11,4.71,6.47,3.45
201403,0.74,1.42,-0.66,-2.56,2.30
201404,0.02,3.01,-0.89,-0.30,-1.60
201405,1.82,0.92,3.56,1.88,1.75
201406,1.53,3.00,2.68,2.86,2.12
201407,-3.25,-4.34,0.35,-0.34,-2.18
201408,5.30,3.96,3.46,5.43,4.41
201409,-1.69,-4.54,-1.39,-0.08,-1.01
201410,2.96,0.72,1.33,5.76,3.30
201411,6.26,-2.04,4.00,2.66,2.73
201412,0.08,0.35,-1.38,-0.88,1.13
201501,-0.72,-3.11,-3.63,1.56,-6.19
201502,5.58,3.83,8.44,4.31,6.89
201503,-0.49,-1.91,-2.40,0.84,-0.77
201504,-1.05,1.79,1.77,-1.40,0.48
201505,1.14,-1.16,1.79,4.88,1.73
201506,-0.92,-3.07,-2.88,0.08,-0.32
201507,4.20,-3.28,2.19,3.66,2.02
201508,-5.00,-4.74,-6.40,-8.34,-6.18
201509,-1.51,-3.96,-1.70,-7.29,-3.07
201510,5.43,8.69,9.80,7.72,6.51
201511,0.29,-0.08,0.57,0.72,1.20
201512,0.13,-4.66,-2.59,0.38,-2.67
201601,-3.30,-3.46,-5.05,-9.40,-8.23
201602,0.51,1.39,-0.51,-1.06,-0.07
201603,5.81,8.10,7.91,2.92,7.05
201604,-0.13,3.49,-3.06,3.56,2.33
201605,0.74,-0.19,4.08,2.47,0.93
201606,1.73,2.65,-0.90,0.14,-2.70
201607,2.46,1.21,6.65,6.01,3.52
201608,-1.00,0.37,0.79,-3.21,3.36
201609,-1.44,1.05,2.03,0.35,-1.24
201610,-2.52,-2.31,-1.46,-7.44,0.61
201611,1.53,5.29,1.65,1.38,11.30
201612,1.33,1.57,1.62,0.85,2.93
201701,1.37,0.68,4.43,2.21,0.98
201702,2.99,2.26,3.95,7.10,3.74
201703,0.78,-0.18,1.91,-0.15,-1.68
201704,1.81,0.31,2.22,1.09,0.24
201705,2.00,0.32,3.11,-0.43,-0.43
201706,-1.18,0.29,-2.13,5.56,4.19
201707,-0.10,2.30,4.07,0.53,1.44
201708,-1.55,-0.81,1.97,1.79,-0.39
201709,1.73,4.68,0.17,1.50,4.31
201710,1.66,2.21,4.62,-2.24,2.04
201711,5.90,3.14,1.46,2.36,3.76
201712,2.02,1.59,0.56,-0.23,1.42
201801,6.32,2.55,6.84,6.38,5.90
201802,-5.31,-5.95,-1.21,-3.90,-3.31
201803,-2.31,0.12,-3.18,-2.00,-2.65
201804,1.07,1.32,-0.48,-0.28,0.44
201805,0.59,2.41,5.76,2.43,1.20
201806,3.30,0.13,0.52,1.52,-1.01
201807,2.70,3.34,2.33,6.09,4.00
201808,4.71,-0.78,6.72,4.46,2.44
201809,0.32,1.61,0.00,1.99,-1.22
201810,-5.97,-8.81,-7.68,-8.84,-6.59
201811,2.06,2.43,-1.03,6.30,3.07
201812,-9.87,-9.09,-8.24,-8.41,-10.62
201901,8.10,9.03,9.00,5.01,9.18
201902,1.23,4.23,5.24,3.05,2.77
201903,2.84,0.72,3.27,0.62,-1.27
201904,4.12,2.45,6.07,-3.05,6.61
201905,-6.34,-8.31,-7.82,-3.46,-6.21
201906,6.89,7.37,7.49,7.26,6.71
201907,1.19,-0.40,3.37,-1.81,1.55
201908,-0.59,-2.30,-2.35,-0.45,-4.39
201909,1.29,3.93,1.16,-0.54,1.98
201910,0.91,-0.69,3.19,4.47,2.95
201911,2.25,1.67,4.64,5.30,4.96
201912,2.24,3.00,3.39,3.33,2.39
202001,0.87,-3.24,2.54,-1.81,-1.36
202002,-7.40,-10.22,-6.85,-5.63,-9.79
